最新推荐,为什么学生不喜欢上学,20840975,http://product.dangdang.com/20840975.html
最新推荐,沉默的大多数,24516876,http://product.dangdang.com/24516876.html
最新推荐,娱乐至死,23687866,http://product.dangdang.com/23687866.html
最新推荐,哲学的慰藉,23738825,http://product.dangdang.com/23738825.html
最新推荐,拍电影时我在想的事,25536613,http://product.dangdang.com/25536613.html
最新推荐,边城,26922459,http://product.dangdang.com/26922459.html
最新推荐,受戒,23760438,http://product.dangdang.com/23760438.html
最新推荐,雪国,23301044,http://product.dangdang.com/23301044.html
最新推荐,月亮与六便士,27874293,http://product.dangdang.com/27874293.html
最新推荐,蝇王,23440177,http://product.dangdang.com/23440177.html
最新推荐,银河帝国,23765172,http://product.dangdang.com/23765172.html
最新推荐,美丽新世界,24186511,http://product.dangdang.com/24186511.html
最新推荐,乡土中国,23678069,http://product.dangdang.com/23678069.html
最新推荐,小岛经济学,24197316,http://product.dangdang.com/24197316.html
小学书单,剑桥少儿生物百科,25187924,http://product.dangdang.com/25187924.html
小学书单,剑桥少儿科技百科,8821570,http://product.dangdang.com/8821570.html
小学书单,剑桥少儿文明百科,8711195,http://product.dangdang.com/8711195.html
小学书单,少儿职业志向指南,22642414,http://product.dangdang.com/22642414.html
小学书单,森林里的科学童话:四季的角度,22609535,http://product.dangdang.com/22609535.html
小学书单,写给孩子的哲学启蒙书,22468968,http://product.dangdang.com/22468968.html
小学书单,阿基米德儿童科普绘本系列,22749152,http://product.dangdang.com/22749152.html
小学书单,可怕的科学,25346720,http://product.dangdang.com/25346720.html
小学书单,中国科普名家名作数学系列精选辑,22633454,http://product.dangdang.com/22633454.html
小学书单,希腊三部曲,22904144,http://product.dangdang.com/22904144.html
小学书单,DK莎士比亚百科,25315019,http://product.dangdang.com/25315019.html
小学书单,美国国家地理少儿版百科,20970893,http://product.dangdang.com/20970893.html
小学书单,小狗钱钱,25259950,http://product.dangdang.com/25259950.html
小学书单,航海王（海贼王/One,25275474,http://product.dangdang.com/25275474.html
小学书单,蔡志忠古典漫画,23841959,http://product.dangdang.com/23841959.html
小学书单,一个人去跑步,22495129,http://product.dangdang.com/22495129.html
小学书单,我的错都是大人的错,23387425,http://product.dangdang.com/23387425.html
小学书单,我不是完美小孩,25342151,http://product.dangdang.com/25342151.html
小学书单,绝对小孩,25282333,http://product.dangdang.com/25282333.html
小学书单,漫话世界系列丛书,20757166,http://product.dangdang.com/20757166.html
小学书单,希利尔讲世界史,20863205,http://product.dangdang.com/20863205.html
小学书单,希利尔讲世界地理,20835778,http://product.dangdang.com/20835778.html
小学书单,希利尔讲艺术史,20863205,http://product.dangdang.com/20863205.html
小学书单,吴姐姐讲历史故事,22937060,http://product.dangdang.com/22937060.html
小学书单,啊哈系列,23924615,http://product.dangdang.com/23924615.html
小学书单,明朝那些事儿,25102973,http://product.dangdang.com/25102973.html
小学书单,中国近代史,25126127,http://product.dangdang.com/25126127.html
小学书单,万历十五年,23445575,http://product.dangdang.com/23445575.html
小学书单,神祇、陵墓与学者,25206126,http://product.dangdang.com/25206126.html
小学书单,狄更斯讲英国史,25323337,http://product.dangdang.com/25323337.html
小学书单,嗨!青春期,25205795,http://product.dangdang.com/25205795.html
小学书单,女孩，你该知道的事,25309362,http://product.dangdang.com/25309362.html
小学书单,窗边的小豆豆,25272786,http://product.dangdang.com/25272786.html
小学书单,夏山学校,26489788,http://product.dangdang.com/26489788.html
小学书单,孩子你慢慢来,23407865,http://product.dangdang.com/23407865.html
小学书单,亲爱的安德烈,23710134,http://product.dangdang.com/23710134.html
小学书单,目送,23407125,http://product.dangdang.com/23407125.html
小学书单,阅读是最浪漫的教养,23183351,http://product.dangdang.com/23183351.html
小学书单,在爱里相遇,25306643,http://product.dangdang.com/25306643.html
小学书单,爱哭鬼小隼,22925431,http://product.dangdang.com/22925431.html
小学书单,名人传,23845427,http://product.dangdang.com/23845427.html
小学书单,当鸭子遇见死神,25197049,http://product.dangdang.com/25197049.html
小学书单,罗伯特·罗素作品集,23292716,http://product.dangdang.com/23292716.html
小学书单,安房直子幻想小说系列,22599395,http://product.dangdang.com/22599395.html
小学书单,夏洛的网,23546266,http://product.dangdang.com/23546266.html
小学书单,查理和巧克力工厂,25110008,http://product.dangdang.com/25110008.html
小学书单,橡树上的逃亡,21039940,http://product.dangdang.com/21039940.html
小学书单,波普先生的企鹅,25108745,http://product.dangdang.com/25108745.html
小学书单,柳林风声,24157839,http://product.dangdang.com/24157839.html
小学书单,布鲁克林有棵树,27895817,http://product.dangdang.com/27895817.html
小学书单,安德鲁•克莱门斯系列,24197836,http://product.dangdang.com/24197836.html
小学书单,莎士比亚喜剧选,25275983,http://product.dangdang.com/25275983.html
小学书单,夜莺与玫瑰,23618527,http://product.dangdang.com/23618527.html
小学书单,记忆传授人,28496168,http://product.dangdang.com/28496168.html
小学书单,动物庄园,25229341,http://product.dangdang.com/25229341.html
小学书单,小灵通漫游未来,26482582,http://product.dangdang.com/26482582.html
小学书单,纳尼亚传奇,26922463,http://product.dangdang.com/26922463.html
小学书单,霍比特人,25199232,http://product.dangdang.com/25199232.html
小学书单,魔戒,25222139,http://product.dangdang.com/25222139.html
小学书单,哈利·波特,25479401,http://product.dangdang.com/25479401.html
小学书单,埃及守护神系列,23288044,http://product.dangdang.com/23288044.html
小学书单,埃及神话,26317137,http://product.dangdang.com/26317137.html
小学书单,波西•杰克逊系列,21027064,http://product.dangdang.com/21027064.html
小学书单,波西•杰克逊奥林匹斯英雄系列,23296638,http://product.dangdang.com/23296638.html
小学书单,永远讲不完的故事,23292645,http://product.dangdang.com/23292645.html
小学书单,安德的游戏,23964355,http://product.dangdang.com/23964355.html
小学书单,哈尔的移动城堡,24182887,http://product.dangdang.com/24182887.html
小学书单,福尔摩斯探案全集,20531088,http://product.dangdang.com/20531088.html
小学书单,东方快车谋杀案,23246551,http://product.dangdang.com/23246551.html
小学书单,解忧杂货店,23464478,http://product.dangdang.com/23464478.html
小学书单,金庸作品集,23278049,http://product.dangdang.com/23278049.html
小学书单,三毛全集,24242914,http://product.dangdang.com/24242914.html
小学书单,我们仨,25284154,http://product.dangdang.com/25284154.html
小学书单,围城,22819334,http://product.dangdang.com/22819334.html
小学书单,洗澡,23165982,http://product.dangdang.com/23165982.html
小学书单,活着,25092039,http://product.dangdang.com/25092039.html
小学书单,许三观卖血记,25160766,http://product.dangdang.com/25160766.html
小学书单,城门开,23744742,http://product.dangdang.com/23744742.html
小学书单,野草,25072492,http://product.dangdang.com/25072492.html
小学书单,上课记,24136310,http://product.dangdang.com/24136310.html
小学书单,民主的细节,25332320,http://product.dangdang.com/25332320.html
小学书单,历史深处的忧虑,28484385,http://product.dangdang.com/28484385.html
小学书单,总统是靠不住的,23313106,http://product.dangdang.com/23313106.html
小学书单,我也有一个梦想,23313105,http://product.dangdang.com/23313105.html
小学书单,如彗星划过夜空,23807497,http://product.dangdang.com/23807497.html
小学书单,给孩子的诗,23513986,http://product.dangdang.com/23513986.html
小学书单,新月集,25251934,http://product.dangdang.com/25251934.html
小学书单,蒋勋说唐诗,23568299,http://product.dangdang.com/23568299.html
初中书单,骆驼祥子,25126136,http://product.dangdang.com/25126136.html
初中书单,茶馆,25126140,http://product.dangdang.com/25126140.html
初中书单,四世同堂,25168811,http://product.dangdang.com/25168811.html
初中书单,京华烟云,25325803,http://product.dangdang.com/25325803.html
初中书单,朝花夕拾,23643238,http://product.dangdang.com/23643238.html
初中书单,倾城之恋,26516204,http://product.dangdang.com/26516204.html
初中书单,湘行散记,26922458,http://product.dangdang.com/26922458.html
初中书单,受戒,23760438,http://product.dangdang.com/23760438.html
初中书单,俗世奇人,23929894,http://product.dangdang.com/23929894.html
初中书单,了不起的盖茨比,27891167,http://product.dangdang.com/27891167.html
初中书单,霍乱时期的爱情,23716798,http://product.dangdang.com/23716798.html
初中书单,理智与情感,24170728,http://product.dangdang.com/24170728.html
初中书单,堂吉诃德,23720681,http://product.dangdang.com/23720681.html
初中书单,雾都孤儿,23769542,http://product.dangdang.com/23769542.html
初中书单,契柯夫短篇小说选,22740349,http://product.dangdang.com/22740349.html
初中书单,莎士比亚四大悲剧,25190557,http://product.dangdang.com/25190557.html
初中书单,飘,25190562,http://product.dangdang.com/25190562.html
初中书单,月亮与六便士,27874293,http://product.dangdang.com/27874293.html
初中书单,1984,25215594,http://product.dangdang.com/25215594.html
初中书单,美丽新世界,24186511,http://product.dangdang.com/24186511.html
初中书单,蝇王,23440177,http://product.dangdang.com/23440177.html
初中书单,斯通纳,25199286,http://product.dangdang.com/25199286.html
初中书单,安妮日记,24021171,http://product.dangdang.com/24021171.html
初中书单,南京大屠杀,23739650,http://product.dangdang.com/23739650.html
初中书单,心兽,27907881,http://product.dangdang.com/27907881.html
初中书单,西行漫记,27892010,http://product.dangdang.com/27892010.html
初中书单,牧羊少年奇幻之旅,25172978,http://product.dangdang.com/25172978.html
初中书单,奇风岁月,21090361,http://product.dangdang.com/21090361.html
初中书单,國家地理希臘神話故事：天神、英雄與怪獸的經典故事,,
初中书单,安吉拉·卡特的精怪故事集,25190300,http://product.dangdang.com/25190300.html
初中书单,第一次一个人旅行,23721423,http://product.dangdang.com/23721423.html
初中书单,我和狗狗的16年,23690932,http://product.dangdang.com/23690932.html
初中书单,诸神的微笑,,
初中书单,彷徨之刃,23689269,http://product.dangdang.com/23689269.html
初中书单,空中杀人现场,27872998,http://product.dangdang.com/27872998.html
初中书单,夏目友人帐,24017532,http://product.dangdang.com/24017532.html
初中书单,当我谈跑步时我谈些什么[日],23774097,http://product.dangdang.com/23774097.html
初中书单,深夜食堂[日],25067247,http://product.dangdang.com/25067247.html
初中书单,我是猫,28476383,http://product.dangdang.com/28476383.html
初中书单,少爷,24146744,http://product.dangdang.com/24146744.html
初中书单,伊豆的舞女,23512828,http://product.dangdang.com/23512828.html
初中书单,人间失格,23761145,http://product.dangdang.com/23761145.html
初中书单,女生徒,25200117,http://product.dangdang.com/25200117.html
初中书单,怪谈,24016887,http://product.dangdang.com/24016887.html
初中书单,日本神话与传说,25294682,http://product.dangdang.com/25294682.html
初中书单,知日·太喜欢漫画了,23363406,http://product.dangdang.com/23363406.html
初中书单,漫画日本历史,23599015,http://product.dangdang.com/23599015.html
初中书单,破壁书,25281485,http://product.dangdang.com/25281485.html
初中书单,树犹如此,23661636,http://product.dangdang.com/23661636.html
初中书单,孽子,23618729,http://product.dangdang.com/23618729.html
初中书单,白先勇细说红楼梦,24185251,http://product.dangdang.com/24185251.html
初中书单,傅雷家书,25187947,http://product.dangdang.com/25187947.html
初中书单,给青年的12封信,25575764,http://product.dangdang.com/25575764.html
初中书单,孤独六讲,24224898,http://product.dangdang.com/24224898.html
初中书单,听杨绛谈往事,25074034,http://product.dangdang.com/25074034.html
初中书单,张晓风散文精选,23328906,http://product.dangdang.com/23328906.html
初中书单,在诗意与残忍之间,23382522,http://product.dangdang.com/23382522.html
初中书单,陆小凤传奇,25337634,http://product.dangdang.com/25337634.html
初中书单,七种武器,24167332,http://product.dangdang.com/24167332.html
初中书单,第一次世界大战全记录,,
初中书单,图解第二次世界大战,27895726,http://product.dangdang.com/27895726.html
初中书单,罗马人的故事,23361773,http://product.dangdang.com/23361773.html
初中书单,哈佛中国史早期中华帝国,24031904,http://product.dangdang.com/24031904.html
初中书单,中国大历史,23678792,http://product.dangdang.com/23678792.html
初中书单,名人传,23845427,http://product.dangdang.com/23845427.html
初中书单,教孩子读懂文学的19堂课,,
初中书单,作文四书,28469603,http://product.dangdang.com/28469603.html
初中书单,六神磊磊读唐诗,25096255,http://product.dangdang.com/25096255.html
初中书单,艾青诗选,25267186,http://product.dangdang.com/25267186.html
初中书单,王尔德诗选,25235765,http://product.dangdang.com/25235765.html
初中书单,万物简史,25201815,http://product.dangdang.com/25201815.html
初中书单,科学探索者系列,23775079,http://product.dangdang.com/23775079.html
初中书单,神祇、陵墓与学者,25206126,http://product.dangdang.com/25206126.html
初中书单,演化,23828827,http://product.dangdang.com/23828827.html
初中书单,神奇的二维国,25084417,http://product.dangdang.com/25084417.html
初中书单,人类简史,25546179,http://product.dangdang.com/25546179.html
初中书单,乡土中国,23678069,http://product.dangdang.com/23678069.html
初中书单,沉默的大多数,24516876,http://product.dangdang.com/24516876.html
初中书单,娱乐至死,23687866,http://product.dangdang.com/23687866.html
初中书单,番茄工作法图解,21021603,http://product.dangdang.com/21021603.html
初中书单,为什么学生不喜欢上学,20840975,http://product.dangdang.com/20840975.html
初中书单,小岛经济学,24197316,http://product.dangdang.com/24197316.html
初中书单,心外传奇,23714055,http://product.dangdang.com/23714055.html
初中书单,最后的耍猴人,23633729,http://product.dangdang.com/23633729.html
初中书单,手艺：渐行渐远的江南老行当,25147881,http://product.dangdang.com/25147881.html
初中书单,玩转魔方,23556090,http://product.dangdang.com/23556090.html
初中书单,这才是中国最好的语文书,23507046,http://product.dangdang.com/23507046.html
初中书单,零下一度,25235718,http://product.dangdang.com/25235718.html
初中书单,妞妞,25239549,http://product.dangdang.com/25239549.html
初中书单,酒国,24169749,http://product.dangdang.com/24169749.html
初中书单,银河帝国基地系列,23765175,http://product.dangdang.com/23765175.html
初中书单,赡养人类,23981510,http://product.dangdang.com/23981510.html
初中书单,信使,24174157,http://product.dangdang.com/24174157.html
家长书单,如何说孩子才会听，怎么听孩子才肯说,24044642,http://product.dangdang.com/24044642.html
家长书单,P.E.T.父母效能训练,23793108,http://product.dangdang.com/23793108.html
家长书单,我的错都是大人的错,23387425,http://product.dangdang.com/23387425.html
家长书单,孩子你慢慢来,23407865,http://product.dangdang.com/23407865.html
家长书单,刻意练习,24057484,http://product.dangdang.com/24057484.html
家长书单,做孩子最好的英语学习规划师,23653468,http://product.dangdang.com/23653468.html
家长书单,终身成长,25166912,http://product.dangdang.com/25166912.html
家长书单,学生为什么不喜欢上学,20840975,http://product.dangdang.com/20840975.html
家长书单,好奇心,24171740,http://product.dangdang.com/24171740.html
家长书单,学会提问,26922547,http://product.dangdang.com/26922547.html
家长书单,六顶思考帽,24039100,http://product.dangdang.com/24039100.html
家长书单,你的灯亮着吗,23384054,http://product.dangdang.com/23384054.html
家长书单,让教师学会提问,23629412,http://product.dangdang.com/23629412.html
家长书单,改变提问，改变人生,25310846,http://product.dangdang.com/25310846.html
家长书单,为未知而教，为未来而学,23753693,http://product.dangdang.com/23753693.html
家长书单,哈佛大学教育学院思维训练课,23528910,http://product.dangdang.com/23528910.html
英语书单,Miss Peregrine’s Home for Peculiar Children,27427866,http://product.dangdang.com/27427866.html
英语书单,Beautiful Creatures,23378810,http://product.dangdang.com/23378810.html
英语书单,City of Bones,27431704,http://product.dangdang.com/27431704.html
英语书单,The Giver,26479838,http://product.dangdang.com/26479838.html
英语书单,Messenger,23185279,http://product.dangdang.com/23185279.html
英语书单,Son,28104344,http://product.dangdang.com/28104344.html
英语书单,The Hollow,25265953,http://product.dangdang.com/25265953.html
英语书单,And Then There Were None,27641896,http://product.dangdang.com/27641896.html
英语书单,Murder on the Orient Express ,1293204705,http://product.dangdang.com/1293204705.html
英语书单,Picture of Dorian Grey,27795484,http://product.dangdang.com/27795484.html
英语书单,The Book Thief,28234276,http://product.dangdang.com/28234276.html
英语书单,Emma,23985515,http://product.dangdang.com/23985515.html
英语书单,Salt to the Sea,28099373,http://product.dangdang.com/28099373.html
英语书单,The 7 HABITS OF Highly Effective Teens,27314994,http://product.dangdang.com/27314994.html
英语书单,The Time Machine,26514697,http://product.dangdang.com/26514697.html
英语书单,King Lear,27394693,http://product.dangdang.com/27394693.html
英语书单,The BFG,28278175,http://product.dangdang.com/28278175.html
英语书单,Greek myths,25265907,http://product.dangdang.com/25265907.html
英语书单,To Kill A Mockingbird,1518808723,http://product.dangdang.com/1518808723.html
英语书单,Harry Potter and the Sorcerer’s Stone,25554247,http://product.dangdang.com/25554247.html
英语书单,Horrible histories,1002564741,http://product.dangdang.com/1002564741.html
英语书单,Matilda,27538350,http://product.dangdang.com/27538350.html
英语书单,The Witches,26489627,http://product.dangdang.com/26489627.html
英语书单,Fantastic Mr. Fox,27801777,http://product.dangdang.com/27801777.html
英语书单,Charlotte’s Web,1551279303,http://product.dangdang.com/1551279303.html
英语书单,The Trumpet of the Swan,27682258,http://product.dangdang.com/27682258.html
英语书单,Stuart Little,28431855,http://product.dangdang.com/28431855.html
英语书单,A Night in Terror Tower,28362933,http://product.dangdang.com/28362933.html
英语书单,Who Is J.K. Rowling?,25565742,http://product.dangdang.com/25565742.html
英语书单,Diary of a Wimpy Kid,22901970,http://product.dangdang.com/22901970.html
英语书单,Magic Tree House,20925365,http://product.dangdang.com/20925365.html
英语书单,The Magic School Bus,20614080,http://product.dangdang.com/20614080.html
英语书单,Junie B. Jones,28127028,http://product.dangdang.com/28127028.html
英语书单,Magic Tree House,20925365,http://product.dangdang.com/20925365.html
